{
  "num_predictions": 99,
  "structured_eval": {
    "sample_count": 99,
    "exact_match_rate": 0.1717171717171717,
    "avg_pair_f1": 0.5804769403061624
  },
  "llm_judge_summary": {
    "total": 99,
    "scoring_success_rate": 1.0,
    "avg_score": 42.07070707070707,
    "perfect_count": 16,
    "perfect_rate": 0.16161616161616163
  }
}