{
  "num_predictions": 99,
  "structured.sample_count": 99,
  "structured.exact_match_rate": 0.1717171717171717,
  "structured.avg_pair_f1": 0.5804769403061624,
  "judge.total": 99,
  "judge.scoring_success_rate": 1.0,
  "judge.avg_score": 42.07070707070707,
  "judge.perfect_count": 16,
  "judge.perfect_rate": 0.16161616161616163
}