{
  "num_predictions": 95,
  "structured_eval": {
    "sample_count": 95,
    "exact_match_rate": 0.16842105263157894,
    "avg_pair_f1": 0.6973778619651485
  },
  "llm_judge_summary": {
    "total": 95,
    "scoring_success_rate": 1.0,
    "avg_score": 46.05263157894737,
    "perfect_count": 16,
    "perfect_rate": 0.16842105263157894
  }
}