{
  "num_predictions": 95,
  "structured.sample_count": 95,
  "structured.exact_match_rate": 0.16842105263157894,
  "structured.avg_pair_f1": 0.6973778619651485,
  "judge.total": 95,
  "judge.scoring_success_rate": 1.0,
  "judge.avg_score": 46.05263157894737,
  "judge.perfect_count": 16,
  "judge.perfect_rate": 0.16842105263157894
}